USE_YMD,RTE_ID,RTE_NO,RTE_NM,STOPS_ID,STOPS_ARS_NO,SBWY_STNS_NM,GTON_TNOPE,GTOFF_TNOPE,REG_YMD
20250101,11110001,100,100번(하계동~용산구청),100000003,01003,명륜3가.성대입구(00030),82.0,97.0,20250104
20250101,11110001,100,100번(하계동~용산구청),101000057,02156,을지로입구.로얄호텔(00079),118.0,40.0,20250104
20250101,11110001,100,100번(하계동~용산구청),101000060,02159,을지로2가.파인에빈뉴(00080),84.0,30.0,20250104
20250101,11110001,100,100번(하계동~용산구청),102000173,03267,서빙고역교차로(00062),14.0,10.0,20250104
20250101,11110001,100,100번(하계동~용산구청),101000061,02160,을지로3가(00035),71.0,150.0,20250104
20250101,11110001,100,100번(하계동~용산구청),101000062,02161,을지로3가(00081),51.0,23.0,20250104
20250101,11110001,100,100번(하계동~용산구청),101000063,02162,을지로4가(00034),30.0,82.0,20250104
20250101,11110001,100,100번(하계동~용산구청),100000102,01198,원남동(00032),84.0,71.0,20250104
20250101,11110001,100,100번(하계동~용산구청),101000067,02166,을지로5가.중부시장(00083),16.0,50.0,20250104
20250101,11110001,100,100번(하계동~용산구청),101000070,02169,을지로6가.국립중앙의료원(00084),46.0,78.0,20250104
20250101,11110001,100,100번(하계동~용산구청),110000273,11374,서울시립북서울미술관(00003),21.0,3.0,20250104
20250101,11110001,100,100번(하계동~용산구청),107000002,08002,길음2동주민센터(00099),110.0,56.0,20250104
20250101,11110001,100,100번(하계동~용산구청),110000279,11380,목련아파트상가(00007),137.0,42.0,20250104
20250101,11110001,100,100번(하계동~용산구청),110000280,11381,중계목화아파트4단지(00008),52.0,13.0,20250104
20250101,11110001,100,100번(하계동~용산구청),110000353,11454,하계우성아파트(00013),264.0,20.0,20250104
20250101,11110001,100,100번(하계동~용산구청),110000351,11452,하계극동아파트(00014),81.0,28.0,20250104
20250101,11110001,100,100번(하계동~용산구청),110000238,11339,월계보건지소(00015),136.0,41.0,20250104
20250101,11110001,100,100번(하계동~용산구청),110000239,11340,월계보건지소(00108),70.0,183.0,20250104
20250101,11110001,100,100번(하계동~용산구청),110000352,11453,하계시영아파트(00109),22.0,162.0,20250104
20250101,11110001,100,100번(하계동~용산구청),110000341,11442,하계현대아파트(00116),8.0,72.0,20250104
20250101,11110001,100,100번(하계동~용산구청),110000257,11358,롯데마트(00117),34.0,53.0,20250104
20250101,11110001,100,100번(하계동~용산구청),107000009,08009,삼선교.한성대학교(00028),49.0,136.0,20250104
20250101,11110001,100,100번(하계동~용산구청),100000002,01002,창경궁.서울대학교병원(00031),48.0,54.0,20250104
20250101,11110001,100,100번(하계동~용산구청),107000010,08010,삼선교.한성대학교.조소앙활동터(00095),155.0,80.0,20250104
20250101,11110001,100,100번(하계동~용산구청),110000265,11366,중계역(00120),6.0,20.0,20250104
20250101,11110001,100,100번(하계동~용산구청),110000272,11373,중계역(00004),27.0,2.0,20250104
20250101,11110001,100,100번(하계동~용산구청),110000286,11387,노원평생학습관(00002),9.0,0.0,20250104
20250101,11110001,100,100번(하계동~용산구청),110000275,11376,중계역2번출구(00005),87.0,12.0,20250104
20250101,11110001,100,100번(하계동~용산구청),110000277,11378,중계3단지목련아파트(00006),17.0,12.0,20250104
20250101,11110001,100,100번(하계동~용산구청),110000337,11438,노원경찰서(00009),111.0,18.0,20250104
20250101,11110001,100,100번(하계동~용산구청),110000335,11436,하계1동주민센터(00010),60.0,14.0,20250104
20250101,11110001,100,100번(하계동~용산구청),110000333,11434,골마을근린공원(00011),148.0,23.0,20250104
20250101,11110001,100,100번(하계동~용산구청),110000325,11426,하계역(00012),215.0,89.0,20250104
20250101,11110001,100,100번(하계동~용산구청),110000211,11311,인덕대학교(00016),110.0,90.0,20250104
20250101,11110001,100,100번(하계동~용산구청),110000210,11310,월계주공108동앞롯데캐슬루나아파트(00017),157.0,72.0,20250104
20250101,11110001,100,100번(하계동~용산구청),108000098,09186,오현초등학교(00018),186.0,130.0,20250104
20250101,11110001,100,100번(하계동~용산구청),108000099,09187,북서울꿈의숲(00020),140.0,39.0,20250104
20250101,11110001,100,100번(하계동~용산구청),108000100,09188,송중동한일유엔아이(00021),52.0,62.0,20250104
20250101,11110001,100,100번(하계동~용산구청),108000101,09189,창문여고앞(00022),112.0,163.0,20250104
20250101,11110001,100,100번(하계동~용산구청),108000102,09190,숭곡초등학교입구(00023),69.0,128.0,20250104
20250101,11110001,100,100번(하계동~용산구청),107000001,08001,길음2동주민센터(00024),40.0,135.0,20250104
20250101,11110001,100,100번(하계동~용산구청),107000003,08003,길음뉴타운(00025),84.0,159.0,20250104
20250101,11110001,100,100번(하계동~용산구청),107000004,08004,길음뉴타운(00098),140.0,71.0,20250104
20250101,11110001,100,100번(하계동~용산구청),107000011,08101,숭곡초교입구(00100),117.0,80.0,20250104
20250101,11110001,100,100번(하계동~용산구청),107000012,08102,창문여고(00101),162.0,159.0,20250104
20250101,11110001,100,100번(하계동~용산구청),107000013,08103,동방고개(00102),35.0,51.0,20250104
20250101,11110001,100,100번(하계동~용산구청),107000014,08104,장위동그린빌아파트(00103),11.0,99.0,20250104
20250101,11110001,100,100번(하계동~용산구청),107000015,08105,북서울꿈의숲(00104),109.0,154.0,20250104
20250101,11110001,100,100번(하계동~용산구청),107000016,08106,장월초등학교(00105),108.0,148.0,20250104
20250101,11110001,100,100번(하계동~용산구청),110000236,11337,롯데캐슬루나아파트(00106),84.0,91.0,20250104
20250101,11110001,100,100번(하계동~용산구청),110000237,11338,인덕대앞(00107),107.0,111.0,20250104
20250101,11110001,100,100번(하계동~용산구청),110000324,11425,하계미성아파트.을지병원(00111),123.0,132.0,20250104
20250101,11110001,100,100번(하계동~용산구청),110000328,11429,한성여객종점(00112),8.0,44.0,20250104
20250101,11110001,100,100번(하계동~용산구청),110000334,11435,서울온천(00114),15.0,108.0,20250104
20250101,11110001,100,100번(하계동~용산구청),110000336,11437,노원경찰서.혜성여고(00115),11.0,108.0,20250104
20250101,11110001,100,100번(하계동~용산구청),110000276,11377,상명초등학교(00118),14.0,21.0,20250104
20250101,11110001,100,100번(하계동~용산구청),110000274,11375,중계건영2차아파트(00119),5.0,55.0,20250104
20250101,11110001,100,100번(하계동~용산구청),110000343,11444,하계한신청구아파트(00121),0.0,16.0,20250104
20250101,11110001,100,100번(하계동~용산구청),107000005,08005,미아리고개.미아리예술극장(00026),66.0,90.0,20250104
20250101,11110001,100,100번(하계동~용산구청),107000007,08007,돈암사거리.성신여대입구(00027),61.0,196.0,20250104
20250101,11110001,100,100번(하계동~용산구청),107000008,08008,돈암사거리.성신여대입구(00096),264.0,134.0,20250104
20250101,11110001,100,100번(하계동~용산구청),107000006,08006,미아리고개.미아리예술극장(00097),48.0,52.0,20250104
20250101,11110001,100,100번(하계동~용산구청),100000151,01247,광장시장(00033),48.0,77.0,20250104
20250101,11110001,100,100번(하계동~용산구청),101000069,02168,을지로5가(00087),73.0,8.0,20250104
20250101,11110001,100,100번(하계동~용산구청),100000123,01219,방송통신대.이화장(00092),56.0,63.0,20250104
20250101,11110001,100,100번(하계동~용산구청),100000124,01220,혜화역2번출구.마로니에공원(00093),123.0,56.0,20250104
20250101,11110001,100,100번(하계동~용산구청),100000133,01229,혜화역.동성중고(장면총리가옥)(00094),189.0,37.0,20250104
20250101,11110001,100,100번(하계동~용산구청),101000102,02206,퇴계로6가(00086),28.0,24.0,20250104
20250101,11110001,100,100번(하계동~용산구청),101000114,02219,남대문시장앞.이회영활동터(00077),56.0,85.0,20250104
20250101,11110001,100,100번(하계동~용산구청),101000043,02142,롯데영프라자(00078),123.0,91.0,20250104
20250101,11110001,100,100번(하계동~용산구청),101000059,02158,을지로2가.기업은행본점.서울노동청(00036),71.0,146.0,20250104
20250101,11110001,100,100번(하계동~용산구청),102000060,03154,용산구청(00058),56.0,2.0,20250104
20250101,11110001,100,100번(하계동~용산구청),102000061,03155,한강중학교(00056),24.0,109.0,20250104
20250101,11110001,100,100번(하계동~용산구청),102000059,03153,용산구청(00057),65.0,53.0,20250104
20250101,11110001,100,100번(하계동~용산구청),100000005,01005,혜화동로터리.여운형활동터(00029),57.0,135.0,20250104
20250101,11110001,100,100번(하계동~용산구청),102000175,03269,한강중학교(00059),27.0,2.0,20250104
20250101,11110001,100,100번(하계동~용산구청),102000176,03270,금호베스트빌앞(00060),4.0,0.0,20250104
20250101,11110001,100,100번(하계동~용산구청),101000008,02008,숭례문(00040),32.0,58.0,20250104
20250101,11110001,100,100번(하계동~용산구청),110000387,11489,한성여객종점(00122),0.0,5.0,20250104
20250101,11110001,100,100번(하계동~용산구청),110000327,11428,한성여객종점(00001),10.0,3.0,20250104
20250101,11110001,100,100번(하계동~용산구청),102000063,03157,서빙고역1번출구(00055),35.0,50.0,20250104
20250101,11110001,100,100번(하계동~용산구청),110000354,11455,하계장미아파트(00110),22.0,232.0,20250104
20250101,11110001,100,100번(하계동~용산구청),102000243,03336,서빙고초등학교(00061),0.0,1.0,20250104
20250101,11110001,100,100번(하계동~용산구청),108000373,09312,꿈의숲주차장입구(00019),79.0,64.0,20250104
20250101,11110001,100,100번(하계동~용산구청),110000695,11433,대진고등학교(00113),9.0,103.0,20250104
20250101,11110001,100,100번(하계동~용산구청),101000329,02099,숭례문(가상)(00039),0.0,16.0,20250104
20250101,11110001,100,100번(하계동~용산구청),101000032,02127,북창동.남대문시장(00038),52.0,40.0,20250104
20250101,11110001,100,100번(하계동~용산구청),102000121,03215,이촌동두산위브트레지움.한강대우아파트(00069),203.0,49.0,20250104
20250101,11110001,100,100번(하계동~용산구청),102000122,03216,이촌1동충신교회앞(00049),32.0,144.0,20250104
20250101,11110001,100,100번(하계동~용산구청),102000123,03217,이촌동한가람아파트.이촌역(00068),118.0,53.0,20250104
20250101,11110001,100,100번(하계동~용산구청),102000124,03218,이촌동한강맨션.이촌역(00050),68.0,133.0,20250104
20250101,11110001,100,100번(하계동~용산구청),102000125,03219,신용산초등학교(00067),119.0,51.0,20250104
20250101,11110001,100,100번(하계동~용산구청),102000126,03220,신용산초등학교(00051),37.0,116.0,20250104
20250101,11110001,100,100번(하계동~용산구청),102000127,03221,이촌동강촌아파트(00066),108.0,20.0,20250104
20250101,11110001,100,100번(하계동~용산구청),102000128,03222,이촌동점보아파트(00052),37.0,112.0,20250104
20250101,11110001,100,100번(하계동~용산구청),102000129,03223,이촌동현대아파트(00065),130.0,36.0,20250104
20250101,11110001,100,100번(하계동~용산구청),102000130,03224,금강병원.반도아파트(00053),14.0,70.0,20250104
20250101,11110001,100,100번(하계동~용산구청),102000131,03225,서빙고신동아아파트(00064),315.0,32.0,20250104
20250101,11110001,100,100번(하계동~용산구청),100000109,01205,종로5가.효제초등학교(00090),54.0,27.0,20250104
20250101,11110001,100,100번(하계동~용산구청),101000064,02163,을지로4가.베스트웨스턴국도(00082),36.0,32.0,20250104
20250101,11110001,100,100번(하계동~용산구청),101000041,02140,롯데백화점(00037),209.0,108.0,20250104
20250101,11110001,100,100번(하계동~용산구청),100000108,01204,종로5가.효제동.김상옥의거터(00091),21.0,12.0,20250104
20250101,11110001,100,100번(하계동~용산구청),101000071,02170,광희동(00085),65.0,57.0,20250104
20250101,11110001,100,100번(하계동~용산구청),101000068,02167,방산시장.훈련원종합체육관(00088),25.0,19.0,20250104
20250101,11110001,100,100번(하계동~용산구청),100000116,01212,종로5가역6번출구(00089),72.0,72.0,20250104
20250101,11110001,100,100번(하계동~용산구청),101000004,02004,서울역버스환승센터(00041),115.0,139.0,20250104
20250101,11110001,100,100번(하계동~용산구청),102000012,03012,갈월동(00042),51.0,50.0,20250104
20250101,11110001,100,100번(하계동~용산구청),102000011,03011,갈월동(00075),56.0,53.0,20250104
20250101,11110001,100,100번(하계동~용산구청),102000010,03010,숙대입구역(00043),92.0,52.0,20250104
20250101,11110001,100,100번(하계동~용산구청),102000009,03009,숙대입구역(00074),69.0,152.0,20250104
20250101,11110001,100,100번(하계동~용산구청),102000008,03008,삼각지역(00044),60.0,35.0,20250104
20250101,11110001,100,100번(하계동~용산구청),102000007,03007,삼각지역(00073),43.0,82.0,20250104
20250101,11110001,100,100번(하계동~용산구청),102000006,03006,용산우체국(00045),62.0,40.0,20250104
20250101,11110001,100,100번(하계동~용산구청),102000005,03005,용산우체국(00072),59.0,86.0,20250104
20250101,11110001,100,100번(하계동~용산구청),102000003,03003,신용산역(00071),113.0,293.0,20250104
20250101,11110001,100,100번(하계동~용산구청),102000002,03002,한강대교북단.LG유플러스(00047),100.0,58.0,20250104
20250101,11110001,100,100번(하계동~용산구청),102000001,03001,한강대교북단.LG유플러스(00070),101.0,199.0,20250104
20250101,11110001,100,100번(하계동~용산구청),102000132,03226,서빙고신동아아파트(00054),36.0,155.0,20250104
20250101,11110001,100,100번(하계동~용산구청),102000120,03214,이촌동동부센트레빌(00048),9.0,101.0,20250104
20250101,11110001,100,100번(하계동~용산구청),102000231,03325,서빙고역1번출구(00063),30.0,25.0,20250104
20250101,11110001,100,100번(하계동~용산구청),102000004,03004,신용산역(00046),329.0,108.0,20250104
20250101,11110001,100,100번(하계동~용산구청),101000007,02007,서울역버스환승센터.강우규의거터(00076),61.0,84.0,20250104
20250101,11110002,101,101번(화계사~동대문),109000117,10202,쌍문동우이빌라(00005),33.0,8.0,20250104
20250101,11110002,101,101번(화계사~동대문),109000128,10213,쌍문동현대.한양아파트(00074),51.0,133.0,20250104
20250101,11110002,101,101번(화계사~동대문),107000063,08153,종암동주민센터(00060),114.0,231.0,20250104
20250101,11110002,101,101번(화계사~동대문),109000131,10216,도봉구보건소앞(00012),125.0,82.0,20250104
20250101,11110002,101,101번(화계사~동대문),109000132,10217,도봉구보건소앞(00072),56.0,223.0,20250104
20250101,11110002,101,101번(화계사~동대문),101000036,02133,시청서소문2청사(00044),69.0,28.0,20250104
20250101,11110002,101,101번(화계사~동대문),100000365,01037,동대문역.흥인지문(00033),84.0,167.0,20250104
20250101,11110002,101,101번(화계사~동대문),109000115,10200,쌍문동청한빌라(00004),143.0,6.0,20250104
20250101,11110002,101,101번(화계사~동대문),109000116,10201,쌍문동청한빌라(00080),0.0,70.0,20250104
20250101,11110002,101,101번(화계사~동대문),109000118,10203,쌍문동우이빌라(00079),0.0,56.0,20250104
20250101,11110002,101,101번(화계사~동대문),109000018,10018,우이1교앞(00069),23.0,128.0,20250104
20250101,11110002,101,101번(화계사~동대문),109000013,10013,도봉구민회관.도봉문화원(중)(00013),190.0,164.0,20250104
20250101,11110002,101,101번(화계사~동대문),109000015,10015,쌍문역(00014),160.0,437.0,20250104
20250101,11110002,101,101번(화계사~동대문),109000017,10017,우이1교앞(00015),99.0,63.0,20250104
20250101,11110002,101,101번(화계사~동대문),108000001,09001,수유3동우체국(00016),166.0,191.0,20250104
20250101,11110002,101,101번(화계사~동대문),108000003,09003,수유역(00018),116.0,106.0,20250104
20250101,11110002,101,101번(화계사~동대문),108000004,09004,수유역.강북구청(00067),458.0,298.0,20250104
20250101,11110002,101,101번(화계사~동대문),107000060,08150,종암사거리입구(00024),146.0,124.0,20250104
20250101,11110002,101,101번(화계사~동대문),107000062,08152,종암동주민센터(00025),215.0,79.0,20250104
20250101,11110002,101,101번(화계사~동대문),107000064,08154,숭례초교(00026),196.0,59.0,20250104
20250101,11110002,101,101번(화계사~동대문),107000066,08156,고대앞(00027),114.0,118.0,20250104
20250101,11110002,101,101번(화계사~동대문),107000067,08157,우신향병원(00028),134.0,88.0,20250104
20250101,11110002,101,101번(화계사~동대문),107000068,08158,안암오거리(00029),169.0,92.0,20250104
20250101,11110002,101,101번(화계사~동대문),107000069,08159,대광초교(00030),103.0,95.0,20250104
20250101,11110002,101,101번(화계사~동대문),100000147,01243,신설동로터리(00031),71.0,229.0,20250104
20250101,11110002,101,101번(화계사~동대문),105000092,06178,대광고등학교앞(00055),53.0,80.0,20250104
20250101,11110002,101,101번(화계사~동대문),105000091,06177,안암오거리(00056),115.0,172.0,20250104
20250101,11110002,101,101번(화계사~동대문),105000090,06176,우신향병원(00057),85.0,131.0,20250104
20250101,11110002,101,101번(화계사~동대문),105000089,06175,고려대학교앞(00058),100.0,105.0,20250104
20250101,11110002,101,101번(화계사~동대문),107000065,08155,숭례초등학교(00059),92.0,209.0,20250104
20250101,11110002,101,101번(화계사~동대문),107000061,08151,종암사거리입구(00061),129.0,126.0,20250104
20250101,11110002,101,101번(화계사~동대문),108000014,09102,우이동도선사입구.북한산우이역(00002),76.0,0.0,20250104
20250101,11110002,101,101번(화계사~동대문),108000015,09103,우이동성원아파트(00003),26.0,4.0,20250104
20250101,11110002,101,101번(화계사~동대문),108000011,09011,미아사거리역(00022),226.0,197.0,20250104
20250101,11110002,101,101번(화계사~동대문),107000058,08148,성가복지병원(00023),96.0,116.0,20250104
20250101,11110002,101,101번(화계사~동대문),107000059,08149,성가복지병원(00062),118.0,110.0,20250104
20250101,11110002,101,101번(화계사~동대문),108000016,09104,우이동성원아파트(00082),0.0,93.0,20250104
20250101,11110002,101,101번(화계사~동대문),109000236,10325,동아운수앞(00081),0.0,62.0,20250104
20250101,11110002,101,101번(화계사~동대문),109000119,10204,초당초등학교(00006),223.0,30.0,20250104
20250101,11110002,101,101번(화계사~동대문),109000121,10206,방학동우성아파트(00007),167.0,8.0,20250104
20250101,11110002,101,101번(화계사~동대문),109000125,10210,쌍문동성원아파트(00009),181.0,24.0,20250104
20250101,11110002,101,101번(화계사~동대문),109000129,10214,쌍문동삼익금호1차아파트(00011),331.0,85.0,20250104
20250101,11110002,101,101번(화계사~동대문),109000130,10215,쌍문동금호1차삼익아파트(00073),84.0,310.0,20250104
20250101,11110002,101,101번(화계사~동대문),109000126,10211,쌍문동성원아파트(00075),27.0,102.0,20250104
20250101,11110002,101,101번(화계사~동대문),109000122,10207,방학동우성.청구아파트(00077),28.0,101.0,20250104
20250101,11110002,101,101번(화계사~동대문),109000120,10205,초당초등학교(00078),30.0,137.0,20250104
20250101,11110002,101,101번(화계사~동대문),108000010,09010,도봉세무서.성북시장(00064),56.0,73.0,20250104
20250101,11110002,101,101번(화계사~동대문),108000008,09008,미아역.신일중고(00065),99.0,116.0,20250104
20250101,11110002,101,101번(화계사~동대문),108000006,09006,수유시장.성신여대미아캠퍼스앞(00066),142.0,152.0,20250104
20250101,11110002,101,101번(화계사~동대문),108000002,09002,수유3동우체국(00068),156.0,136.0,20250104
20250101,11110002,101,101번(화계사~동대문),109000016,10016,쌍문역(00070),249.0,155.0,20250104
20250101,11110002,101,101번(화계사~동대문),109000014,10014,도봉구민회관.도봉문화원(중)(00071),87.0,131.0,20250104
20250101,11110002,101,101번(화계사~동대문),108000012,09012,미아사거리역(00063),212.0,290.0,20250104
20250101,11110002,101,101번(화계사~동대문),100000028,01123,서울역사박물관.강북삼성병원(00041),15.0,78.0,20250104
20250101,11110002,101,101번(화계사~동대문),100000367,01044,동묘앞(00032),80.0,175.0,20250104
20250101,11110002,101,101번(화계사~동대문),100000366,01041,동묘앞(00053),198.0,69.0,20250104
20250101,11110002,101,101번(화계사~동대문),109000127,10212,쌍문동한양.현대아파트(00010),267.0,28.0,20250104
20250101,11110002,101,101번(화계사~동대문),112000169,13252,경찰청(00043),62.0,43.0,20250104
20250101,11110002,101,101번(화계사~동대문),108000005,09005,수유시장.성신여대미아캠퍼스앞(00019),154.0,129.0,20250104
20250101,11110002,101,101번(화계사~동대문),108000007,09007,미아역.신일중고(00020),94.0,67.0,20250104
20250101,11110002,101,101번(화계사~동대문),108000009,09009,도봉세무서.성북시장(00021),73.0,97.0,20250104
20250101,11110002,101,101번(화계사~동대문),108000378,09013,수유역.강북구청(00017),198.0,305.0,20250104
20250101,11110002,101,101번(화계사~동대문),100000376,01165,강북삼성병원.경교장(00042),17.0,31.0,20250104
20250101,11110002,101,101번(화계사~동대문),105000552,06107,신설동역1번출구(00054),152.0,80.0,20250104
20250101,11110002,101,101번(화계사~동대문),100000386,01011,종로1가(00046),298.0,21.0,20250104
20250101,11110002,101,101번(화계사~동대문),100000388,01013,종로2가(00047),191.0,29.0,20250104
20250101,11110002,101,101번(화계사~동대문),100000390,01015,종로3가.탑골공원(00048),251.0,41.0,20250104
20250101,11110002,101,101번(화계사~동대문),100000392,01017,종로4가.종묘(00049),61.0,26.0,20250104
20250101,11110002,101,101번(화계사~동대문),100000394,01019,종로5가.광장시장(00050),103.0,67.0,20250104
20250101,11110002,101,101번(화계사~동대문),100000396,01021,종로6가.동대문종합시장(00051),133.0,57.0,20250104
20250101,11110002,101,101번(화계사~동대문),100000398,01023,동대문역.흥인지문(00052),230.0,104.0,20250104
20250101,11110002,101,101번(화계사~동대문),100000397,01022,종로6가.동대문종합시장(00034),49.0,103.0,20250104
20250101,11110002,101,101번(화계사~동대문),100000395,01020,종로5가.광장시장(00035),64.0,147.0,20250104
20250101,11110002,101,101번(화계사~동대문),100000393,01018,종로4가.종묘(00036),5.0,114.0,20250104
20250101,11110002,101,101번(화계사~동대문),100000391,01016,종로3가.탑골공원(00037),39.0,180.0,20250104
20250101,11110002,101,101번(화계사~동대문),100000389,01014,종로2가(00038),41.0,146.0,20250104
20250101,11110002,101,101번(화계사~동대문),100000387,01012,종로1가(00039),14.0,161.0,20250104
20250101,11110002,101,101번(화계사~동대문),100000385,01010,광화문(00040),18.0,208.0,20250104
20250101,11110002,101,101번(화계사~동대문),109900046,10747,청구아파트(00008),36.0,12.0,20250104
20250101,11110002,101,101번(화계사~동대문),109900076,10564,청구아파트(00076),10.0,77.0,20250104
20250101,11110002,101,101번(화계사~동대문),101000039,02137,서울신문사(00045),261.0,25.0,20250104
20250101,11110003,102,102번(상계동~동대문),100000003,01003,명륜3가.성대입구(00031),47.0,77.0,20250104
20250101,11110003,102,102번(상계동~동대문),109000158,10244,도봉문화정보도서관(00059),10.0,72.0,20250104
20250101,11110003,102,102번(상계동~동대문),110000145,11245,상계주공2단지(00006),111.0,56.0,20250104
20250101,11110003,102,102번(상계동~동대문),110000110,11210,노원역9번출구(00004),373.0,10.0,20250104
20250101,11110003,102,102번(상계동~동대문),110000108,11208,상계초등학교(00003),61.0,2.0,20250104
20250101,11110003,102,102번(상계동~동대문),110000109,11209,상계초등학교(00068),0.0,51.0,20250104
20250101,11110003,102,102번(상계동~동대문),107000002,08002,길음2동주민센터(00046),74.0,60.0,20250104
20250101,11110003,102,102번(상계동~동대문),107000009,08009,삼선교.한성대학교(00029),35.0,94.0,20250104
20250101,11110003,102,102번(상계동~동대문),100000002,01002,창경궁.서울대학교병원(00032),19.0,41.0,20250104
20250101,11110003,102,102번(상계동~동대문),107000010,08010,삼선교.한성대학교.조소앙활동터(00042),148.0,50.0,20250104
20250101,11110003,102,102번(상계동~동대문),110000144,11244,상계주공3단지(00005),154.0,46.0,20250104
20250101,11110003,102,102번(상계동~동대문),110000146,11246,상계주공1단지(00007),216.0,49.0,20250104
20250101,11110003,102,102번(상계동~동대문),110000157,11257,백병원(00064),76.0,94.0,20250104
20250101,11110003,102,102번(상계동~동대문),110000156,11256,상계주공4단지(00065),37.0,77.0,20250104
20250101,11110003,102,102번(상계동~동대문),110000155,11255,상계주공6단지(00066),21.0,157.0,20250104
20250101,11110003,102,102번(상계동~동대문),107000001,08001,길음2동주민센터(00025),40.0,116.0,20250104
20250101,11110003,102,102번(상계동~동대문),107000003,08003,길음뉴타운(00026),81.0,115.0,20250104
20250101,11110003,102,102번(상계동~동대문),107000004,08004,길음뉴타운(00045),112.0,65.0,20250104
20250101,11110003,102,102번(상계동~동대문),107000005,08005,미아리고개.미아리예술극장(00027),32.0,78.0,20250104
20250101,11110003,102,102번(상계동~동대문),107000007,08007,돈암사거리.성신여대입구(00028),50.0,166.0,20250104
20250101,11110003,102,102번(상계동~동대문),107000008,08008,돈암사거리.성신여대입구(00043),230.0,77.0,20250104
20250101,11110003,102,102번(상계동~동대문),107000006,08006,미아리고개.미아리예술극장(00044),90.0,76.0,20250104
20250101,11110003,102,102번(상계동~동대문),100000123,01219,방송통신대.이화장(00039),63.0,14.0,20250104
20250101,11110003,102,102번(상계동~동대문),100000124,01220,혜화역2번출구.마로니에공원(00040),93.0,15.0,20250104
20250101,11110003,102,102번(상계동~동대문),100000133,01229,혜화역.동성중고(장면총리가옥)(00041),183.0,11.0,20250104
20250101,11110003,102,102번(상계동~동대문),108000011,09011,미아사거리역(00024),124.0,248.0,20250104
20250101,11110003,102,102번(상계동~동대문),108000010,09010,도봉세무서.성북시장(00048),75.0,51.0,20250104
20250101,11110003,102,102번(상계동~동대문),108000008,09008,미아역.신일중고(00049),121.0,87.0,20250104
20250101,11110003,102,102번(상계동~동대문),108000006,09006,수유시장.성신여대미아캠퍼스앞(00050),193.0,85.0,20250104
20250101,11110003,102,102번(상계동~동대문),110000148,11248,마들근린공원.노원에코센터(00009),112.0,58.0,20250104
20250101,11110003,102,102번(상계동~동대문),109000191,10279,창동주공17단지(00010),94.0,118.0,20250104
20250101,11110003,102,102번(상계동~동대문),109000190,10278,창동주공17단지(00061),114.0,111.0,20250104
20250101,11110003,102,102번(상계동~동대문),110000147,11247,마들근린공원.노원에코센터(00062),34.0,137.0,20250104
20250101,11110003,102,102번(상계동~동대문),100000005,01005,혜화동로터리.여운형활동터(00030),9.0,98.0,20250104
20250101,11110003,102,102번(상계동~동대문),110000271,11372,어린이교통공원(00008),383.0,31.0,20250104
20250101,11110003,102,102번(상계동~동대문),109000156,10242,창동주공4단지(00011),149.0,86.0,20250104
20250101,11110003,102,102번(상계동~동대문),109000159,10245,도봉문화정보도서관(00012),17.0,64.0,20250104
20250101,11110003,102,102번(상계동~동대문),109000161,10247,창림초교창동신창아파트앞(00013),95.0,161.0,20250104
20250101,11110003,102,102번(상계동~동대문),109000163,10249,국립현대미술관창동레지던시(00014),151.0,204.0,20250104
20250101,11110003,102,102번(상계동~동대문),109000165,10251,창동서울탁주앞(00016),180.0,66.0,20250104
20250101,11110003,102,102번(상계동~동대문),108000064,09152,번동사거리(00017),40.0,63.0,20250104
20250101,11110003,102,102번(상계동~동대문),108000062,09150,북부시장입구(00018),120.0,63.0,20250104
20250101,11110003,102,102번(상계동~동대문),108000060,09148,강북경찰서입구(00019),55.0,93.0,20250104
20250101,11110003,102,102번(상계동~동대문),108000179,09267,수유사거리(00020),42.0,208.0,20250104
20250101,11110003,102,102번(상계동~동대문),108000178,09266,수유사거리(00051),143.0,104.0,20250104
20250101,11110003,102,102번(상계동~동대문),108000061,09149,강북경찰서입구(00052),39.0,88.0,20250104
20250101,11110003,102,102번(상계동~동대문),108000063,09151,북부시장입구(00053),55.0,59.0,20250104
20250101,11110003,102,102번(상계동~동대문),108000065,09153,번동사거리(00054),103.0,71.0,20250104
20250101,11110003,102,102번(상계동~동대문),109000164,10250,창동서울탁주앞(00055),133.0,231.0,20250104
20250101,11110003,102,102번(상계동~동대문),109000162,10248,국립현대미술관창동레지던시(00057),136.0,89.0,20250104
20250101,11110003,102,102번(상계동~동대문),109000160,10246,창림초교창동신창아파트앞(00058),155.0,45.0,20250104
20250101,11110003,102,102번(상계동~동대문),109000155,10241,창동주공4단지(00060),101.0,79.0,20250104
20250101,11110003,102,102번(상계동~동대문),110000289,11390,중계역1번출구(00063),71.0,557.0,20250104
20250101,11110003,102,102번(상계동~동대문),109000242,10331,신창.창동시장(00015),208.0,160.0,20250104
20250101,11110003,102,102번(상계동~동대문),109000241,10330,창동.신창시장(00056),179.0,191.0,20250104
20250101,11110003,102,102번(상계동~동대문),110000093,11193,온곡중학교.노원중앙도서관(00002),13.0,0.0,20250104
20250101,11110003,102,102번(상계동~동대문),108000012,09012,미아사거리역(00047),284.0,164.0,20250104
20250101,11110003,102,102번(상계동~동대문),110000111,11211,노원역1번출구(00067),2.0,275.0,20250104
20250101,11110003,102,102번(상계동~동대문),100000118,01214,동대문(00036),57.0,72.0,20250104
20250101,11110003,102,102번(상계동~동대문),998001900,~,7단지영업소(가상)(00001),7.0,0.0,20250104
20250101,11110003,102,102번(상계동~동대문),108000005,09005,수유시장.성신여대미아캠퍼스앞(00021),134.0,207.0,20250104
20250101,11110003,102,102번(상계동~동대문),108000007,09007,미아역.신일중고(00022),85.0,115.0,20250104
20250101,11110003,102,102번(상계동~동대문),108000009,09009,도봉세무서.성북시장(00023),100.0,149.0,20250104
20250101,11110003,102,102번(상계동~동대문),100000109,01205,종로5가.효제초등학교(00037),96.0,19.0,20250104
20250101,11110003,102,102번(상계동~동대문),100000108,01204,종로5가.효제동.김상옥의거터(00038),31.0,0.0,20250104
20250101,11110003,102,102번(상계동~동대문),100000122,01218,현대그룹빌딩(00033),14.0,58.0,20250104
20250101,11110003,102,102번(상계동~동대문),100000129,01225,이화동(이화장)(00034),8.0,59.0,20250104
20250101,11110003,102,102번(상계동~동대문),100000119,01215,충신동(00035),16.0,44.0,20250104
20250101,11110005,104,104번(강북청소년수련관난나~숭례문),100000003,01003,명륜3가.성대입구(00023),103.0,126.0,20250104
20250101,11110005,104,104번(강북청소년수련관난나~숭례문),107000082,08172,미아초교(00052),76.0,213.0,20250104
20250101,11110005,104,104번(강북청소년수련관난나~숭례문),100000102,01198,원남동(00025),105.0,133.0,20250104
20250101,11110005,104,104번(강북청소년수련관난나~숭례문),108000107,09195,강북청소년수련관(00066),0.0,93.0,20250104
20250101,11110005,104,104번(강북청소년수련관난나~숭례문),108000106,09194,강북청소년수련관(00002),132.0,0.0,20250104
20250101,11110005,104,104번(강북청소년수련관난나~숭례문),108000108,09196,국립4.19민주묘지(00004),74.0,4.0,20250104
20250101,11110005,104,104번(강북청소년수련관난나~숭례문),108000109,09197,국립4.19민주묘지(00064),1.0,99.0,20250104
20250101,11110005,104,104번(강북청소년수련관난나~숭례문),107000009,08009,삼선교.한성대학교(00021),123.0,214.0,20250104
20250101,11110005,104,104번(강북청소년수련관난나~숭례문),100000002,01002,창경궁.서울대학교병원(00024),67.0,50.0,20250104
20250101,11110005,104,104번(강북청소년수련관난나~숭례문),107000010,08010,삼선교.한성대학교.조소앙활동터(00047),190.0,117.0,20250104
20250101,11110005,104,104번(강북청소년수련관난나~숭례문),107000003,08003,길음뉴타운(00018),203.0,310.0,20250104
20250101,11110005,104,104번(강북청소년수련관난나~숭례문),990071823,~,선일교통(가상)(00001),3.0,1.0,20250104
20250101,11110005,104,104번(강북청소년수련관난나~숭례문),107000005,08005,미아리고개.미아리예술극장(00019),120.0,157.0,20250104
20250101,11110005,104,104번(강북청소년수련관난나~숭례문),107000007,08007,돈암사거리.성신여대입구(00020),134.0,282.0,20250104
20250101,11110005,104,104번(강북청소년수련관난나~숭례문),107000008,08008,돈암사거리.성신여대입구(00048),480.0,162.0,20250104
20250101,11110005,104,104번(강북청소년수련관난나~숭례문),107000006,08006,미아리고개.미아리예술극장(00049),96.0,87.0,20250104
20250101,11110005,104,104번(강북청소년수련관난나~숭례문),101000053,02152,퇴계로3가.한옥마을.한국의집(00036),86.0,101.0,20250104
20250101,11110005,104,104번(강북청소년수련관난나~숭례문),108000032,09120,인수동장미원(00006),145.0,22.0,20250104
20250101,11110005,104,104번(강북청소년수련관난나~숭례문),108000046,09134,우이초등학교(00008),129.0,19.0,20250104
20250101,11110005,104,104번(강북청소년수련관난나~숭례문),108000068,09156,수유보건지소(00009),79.0,43.0,20250104
20250101,11110005,104,104번(강북청소년수련관난나~숭례문),108000070,09158,빨래골입구.수유1동주민센터(00010),162.0,54.0,20250104
20250101,11110005,104,104번(강북청소년수련관난나~숭례문),108000072,09160,롯데마트삼양점.래미안1차아파트(00011),137.0,100.0,20250104
20250101,11110005,104,104번(강북청소년수련관난나~숭례문),108000074,09162,삼양초등학교(00012),57.0,32.0,20250104
20250101,11110005,104,104번(강북청소년수련관난나~숭례문),108000076,09164,삼양사거리역(00013),84.0,63.0,20250104
20250101,11110005,104,104번(강북청소년수련관난나~숭례문),108000078,09166,삼양동사거리(00014),230.0,105.0,20250104
20250101,11110005,104,104번(강북청소년수련관난나~숭례문),108000080,09168,송천초등학교.미아뉴타운입구(00015),146.0,70.0,20250104
20250101,11110005,104,104번(강북청소년수련관난나~숭례문),107000081,08171,미아초교(00016),262.0,99.0,20250104
20250101,11110005,104,104번(강북청소년수련관난나~숭례문),107000083,08173,길음동동부아파트(00017),114.0,53.0,20250104
20250101,11110005,104,104번(강북청소년수련관난나~숭례문),100000151,01247,광장시장(00026),230.0,135.0,20250104
20250101,11110005,104,104번(강북청소년수련관난나~숭례문),101000054,02153,충무로역2번출구.대한극장앞(00037),160.0,111.0,20250104
20250101,11110005,104,104번(강북청소년수련관난나~숭례문),101000103,02207,퇴계로5가(00038),62.0,78.0,20250104
20250101,11110005,104,104번(강북청소년수련관난나~숭례문),101000069,02168,을지로5가(00039),68.0,80.0,20250104
20250101,11110005,104,104번(강북청소년수련관난나~숭례문),100000123,01219,방송통신대.이화장(00044),61.0,31.0,20250104
20250101,11110005,104,104번(강북청소년수련관난나~숭례문),100000124,01220,혜화역2번출구.마로니에공원(00045),127.0,68.0,20250104
20250101,11110005,104,104번(강북청소년수련관난나~숭례문),100000133,01229,혜화역.동성중고(장면총리가옥)(00046),262.0,66.0,20250104
20250101,11110005,104,104번(강북청소년수련관난나~숭례문),107000033,08123,돈암동삼성아파트입구(00050),156.0,128.0,20250104
20250101,11110005,104,104번(강북청소년수련관난나~숭례문),107000084,08174,길음동동부아파트(00051),57.0,176.0,20250104
20250101,11110005,104,104번(강북청소년수련관난나~숭례문),108000079,09167,삼양동사거리(00054),119.0,179.0,20250104
20250101,11110005,104,104번(강북청소년수련관난나~숭례문),108000077,09165,삼양사거리역(00055),57.0,63.0,20250104
20250101,11110005,104,104번(강북청소년수련관난나~숭례문),108000075,09163,삼양초등학교(00056),12.0,39.0,20250104
20250101,11110005,104,104번(강북청소년수련관난나~숭례문),108000073,09161,롯데마트삼양점.래미안1차아파트(00057),102.0,133.0,20250104
20250101,11110005,104,104번(강북청소년수련관난나~숭례문),108000071,09159,빨래골입구.서울수유초등학교(00058),65.0,140.0,20250104
20250101,11110005,104,104번(강북청소년수련관난나~숭례문),108000069,09157,수유보건지소(00059),17.0,106.0,20250104
20250101,11110005,104,104번(강북청소년수련관난나~숭례문),108000047,09135,우이초등학교(00060),32.0,78.0,20250104
20250101,11110005,104,104번(강북청소년수련관난나~숭례문),108000033,09121,인수동장미원(00062),22.0,84.0,20250104
20250101,11110005,104,104번(강북청소년수련관난나~숭례문),108000022,09110,국립4.19민주묘지입구사거리(00063),48.0,103.0,20250104
20250101,11110005,104,104번(강북청소년수련관난나~숭례문),100000005,01005,혜화동로터리.여운형활동터(00022),53.0,150.0,20250104
20250101,11110005,104,104번(강북청소년수련관난나~숭례문),108000034,09122,가오리역(00007),121.0,41.0,20250104
20250101,11110005,104,104번(강북청소년수련관난나~숭례문),108000035,09123,가오리역(00061),52.0,186.0,20250104
20250101,11110005,104,104번(강북청소년수련관난나~숭례문),108000023,09111,국립4.19민주묘지입구사거리(00005),53.0,18.0,20250104
20250101,11110005,104,104번(강북청소년수련관난나~숭례문),108000081,09169,송천초등학교.미아뉴타운입구(00053),71.0,218.0,20250104
20250101,11110005,104,104번(강북청소년수련관난나~숭례문),108000371,09311,무량사입구(00065),0.0,103.0,20250104
20250101,11110005,104,104번(강북청소년수련관난나~숭례문),108000372,09310,무량사입구(00003),87.0,0.0,20250104
20250101,11110005,104,104번(강북청소년수련관난나~숭례문),101000050,02149,명동역4번출구(00035),466.0,136.0,20250104
20250101,11110005,104,104번(강북청소년수련관난나~숭례문),101000335,02234,퇴계로2가.명동역7번출구(00030),74.0,458.0,20250104
20250101,11110005,104,104번(강북청소년수련관난나~숭례문),101000055,02154,충무로역8번출구.대한극장앞(00028),60.0,108.0,20250104
20250101,11110005,104,104번(강북청소년수련관난나~숭례문),101000052,02151,퇴계로3가.한옥마을.한국의집(00029),43.0,122.0,20250104
20250101,11110005,104,104번(강북청소년수련관난나~숭례문),101000047,02146,남대문시장.회현역(00034),184.0,36.0,20250104
20250101,11110005,104,104번(강북청소년수련관난나~숭례문),101000046,02145,남대문시장.회현역(00031),31.0,98.0,20250104
20250101,11110005,104,104번(강북청소년수련관난나~숭례문),101000023,02118,숭례문.한국일보(00032),65.0,44.0,20250104
20250101,11110005,104,104번(강북청소년수련관난나~숭례문),100000109,01205,종로5가.효제초등학교(00042),69.0,46.0,20250104
20250101,11110005,104,104번(강북청소년수련관난나~숭례문),101000065,02164,중구청앞.덕수중학교(00027),24.0,91.0,20250104
20250101,11110005,104,104번(강북청소년수련관난나~숭례문),100000108,01204,종로5가.효제동.김상옥의거터(00043),12.0,33.0,20250104
20250101,11110005,104,104번(강북청소년수련관난나~숭례문),101000068,02167,방산시장.훈련원종합체육관(00040),24.0,52.0,20250104
20250101,11110005,104,104번(강북청소년수련관난나~숭례문),100000116,01212,종로5가역6번출구(00041),91.0,212.0,20250104
20250101,11110005,104,104번(강북청소년수련관난나~숭례문),101000005,02005,서울역버스환승센터(00033),251.0,83.0,20250104
20250101,11110006,105,105번(상계동~서울역),105000485,06028,신설동역(00032),43.0,110.0,20250104
20250101,11110006,105,105번(상계동~서울역),105000033,06117,휘경동입구(00062),29.0,75.0,20250104
20250101,11110006,105,105번(상계동~서울역),101000057,02156,을지로입구.로얄호텔(00047),184.0,17.0,20250104
20250101,11110006,105,105번(상계동~서울역),101000060,02159,을지로2가.파인에빈뉴(00048),136.0,14.0,20250104
20250101,11110006,105,105번(상계동~서울역),101000062,02161,을지로3가(00049),62.0,28.0,20250104
20250101,11110006,105,105번(상계동~서울역),101000067,02166,을지로5가.중부시장(00051),44.0,53.0,20250104
20250101,11110006,105,105번(상계동~서울역),101000070,02169,을지로6가.국립중앙의료원(00052),108.0,68.0,20250104
20250101,11110006,105,105번(상계동~서울역),100000365,01037,동대문역.흥인지문(00034),125.0,68.0,20250104
20250101,11110006,105,105번(상계동~서울역),110000084,11184,대림아파트상가(00003),132.0,4.0,20250104
20250101,11110006,105,105번(상계동~서울역),110000086,11186,도봉면허시험장(00004),88.0,8.0,20250104
20250101,11110006,105,105번(상계동~서울역),110000085,11185,도봉면허시험장(00083),2.0,123.0,20250104
20250101,11110006,105,105번(상계동~서울역),110000145,11245,상계주공2단지(00006),94.0,13.0,20250104
20250101,11110006,105,105번(상계동~서울역),110000089,11189,상계10동우체국(00002),47.0,0.0,20250104
20250101,11110006,105,105번(상계동~서울역),110000273,11374,서울시립북서울미술관(00078),113.0,119.0,20250104
20250101,11110006,105,105번(상계동~서울역),110000266,11367,노원구민의전당(00009),135.0,112.0,20250104
20250101,11110006,105,105번(상계동~서울역),110000346,11447,하계역(00010),85.0,36.0,20250104
20250101,11110006,105,105번(상계동~서울역),110000347,11448,하계장미아파트(00011),80.0,52.0,20250104
20250101,11110006,105,105번(상계동~서울역),106000008,07102,묵동자이.신도브래뉴아파트(00071),65.0,61.0,20250104
20250101,11110006,105,105번(상계동~서울역),106000011,07105,한국전력동대문중랑지사(00019),80.0,51.0,20250104
20250101,11110006,105,105번(상계동~서울역),106000016,07110,중화동한신아파트(00066),93.0,105.0,20250104
20250101,11110006,105,105번(상계동~서울역),110000315,11416,하계역(00077),35.0,89.0,20250104
20250101,11110006,105,105번(상계동~서울역),110000316,11417,하계미성아파트(00076),38.0,105.0,20250104
20250101,11110006,105,105번(상계동~서울역),105000482,06023,제기동역.서울약령시(00058),53.0,82.0,20250104
20250101,11110006,105,105번(상계동~서울역),106000006,07006,중랑역.동부시장(00065),189.0,166.0,20250104
20250101,11110006,105,105번(상계동~서울역),106000005,07005,중랑역.동부시장(00022),142.0,230.0,20250104
20250101,11110006,105,105번(상계동~서울역),105000009,06009,중랑교(00023),51.0,65.0,20250104
20250101,11110006,105,105번(상계동~서울역),105000013,06013,시조사삼거리(00025),43.0,40.0,20250104
20250101,11110006,105,105번(상계동~서울역),105000014,06014,떡전교사거리.동대문노인복지관(00026),56.0,57.0,20250104
20250101,11110006,105,105번(상계동~서울역),105000480,06022,청량리.청과물도매시장(00029),91.0,107.0,20250104
20250101,11110006,105,105번(상계동~서울역),105000483,06026,용두동사거리.한국의류시험연구원(00031),37.0,53.0,20250104
20250101,11110006,105,105번(상계동~서울역),105000481,06024,제기동역.서울약령시(00030),50.0,55.0,20250104
20250101,11110006,105,105번(상계동~서울역),110000144,11244,상계주공3단지(00005),218.0,14.0,20250104
20250101,11110006,105,105번(상계동~서울역),110000146,11246,상계주공1단지(00007),80.0,21.0,20250104
20250101,11110006,105,105번(상계동~서울역),110000265,11366,중계역(00008),102.0,35.0,20250104
20250101,11110006,105,105번(상계동~서울역),110000060,11160,서울과학기술대입구(00012),113.0,89.0,20250104
20250101,11110006,105,105번(상계동~서울역),110000062,11162,공릉역4번출구(00013),77.0,84.0,20250104
20250101,11110006,105,105번(상계동~서울역),110000002,11102,공릉시장(00014),116.0,55.0,20250104
20250101,11110006,105,105번(상계동~서울역),110000004,11104,태릉입구역3번출구(00015),64.0,83.0,20250104
20250101,11110006,105,105번(상계동~서울역),106000009,07103,묵동삼거리.먹골역(00017),116.0,38.0,20250104
20250101,11110006,105,105번(상계동~서울역),106000013,07107,지하철7호선중화역(00020),107.0,101.0,20250104
20250101,11110006,105,105번(상계동~서울역),106000015,07109,국민은행중화동지점(00021),96.0,62.0,20250104
20250101,11110006,105,105번(상계동~서울역),106000014,07108,지하철7호선중화역(00067),104.0,104.0,20250104
20250101,11110006,105,105번(상계동~서울역),106000012,07106,한국전력동대문중랑지사(00068),44.0,71.0,20250104
20250101,11110006,105,105번(상계동~서울역),106000010,07104,먹골역.묵동자이아파트(00070),49.0,107.0,20250104
20250101,11110006,105,105번(상계동~서울역),110000003,11103,태릉입구역4번출구(00072),96.0,113.0,20250104
20250101,11110006,105,105번(상계동~서울역),110000001,11101,공릉시장(00073),109.0,116.0,20250104
20250101,11110006,105,105번(상계동~서울역),110000061,11161,공릉역1번출구(00074),86.0,127.0,20250104
20250101,11110006,105,105번(상계동~서울역),110000059,11159,서울과학기술대입구(00075),90.0,76.0,20250104
20250101,11110006,105,105번(상계동~서울역),110000272,11373,중계역(00079),41.0,74.0,20250104
20250101,11110006,105,105번(상계동~서울역),110000157,11257,백병원(00080),15.0,101.0,20250104
20250101,11110006,105,105번(상계동~서울역),110000156,11256,상계주공4단지(00081),13.0,78.0,20250104
20250101,11110006,105,105번(상계동~서울역),110000155,11255,상계주공6단지(00082),11.0,181.0,20250104
20250101,11110006,105,105번(상계동~서울역),110000083,11183,상계주공7단지(00084),1.0,51.0,20250104
20250101,11110006,105,105번(상계동~서울역),110000088,11188,상계주공7단지.광림교회앞(00085),0.0,46.0,20250104
20250101,11110006,105,105번(상계동~서울역),101000027,02122,숭례문(00044),57.0,61.0,20250104
20250101,11110006,105,105번(상계동~서울역),100000190,01288,종로중부새마을금고(00035),20.0,35.0,20250104
20250101,11110006,105,105번(상계동~서울역),101000102,02206,퇴계로6가(00038),54.0,57.0,20250104
20250101,11110006,105,105번(상계동~서울역),101000104,02208,퇴계로5가(00039),41.0,94.0,20250104
20250101,11110006,105,105번(상계동~서울역),101000114,02219,남대문시장앞.이회영활동터(00045),107.0,18.0,20250104
20250101,11110006,105,105번(상계동~서울역),101000043,02142,롯데영프라자(00046),163.0,32.0,20250104
20250101,11110006,105,105번(상계동~서울역),105000447,06018,청량리역환승센터(00060),182.0,122.0,20250104
20250101,11110006,105,105번(상계동~서울역),106000325,07425,먹골역5번출구(00018),80.0,42.0,20250104
20250101,11110006,105,105번(상계동~서울역),106000326,07426,먹골역4번출구(00069),64.0,123.0,20250104
20250101,11110006,105,105번(상계동~서울역),110000399,11502,7단지영업소(00001),27.0,0.0,20250104
20250101,11110006,105,105번(상계동~서울역),105000015,06015,청량리역환승센타(00028),116.0,196.0,20250104
20250101,11110006,105,105번(상계동~서울역),100000367,01044,동묘앞(00033),150.0,85.0,20250104
20250101,11110006,105,105번(상계동~서울역),100000366,01041,동묘앞(00055),102.0,102.0,20250104
20250101,11110006,105,105번(상계동~서울역),106000007,07101,극동늘푸른아파트(00016),105.0,71.0,20250104
20250101,11110006,105,105번(상계동~서울역),105000012,06012,삼육서울병원(00063),92.0,67.0,20250104
20250101,11110006,105,105번(상계동~서울역),105000011,06011,삼육서울병원(00024),68.0,59.0,20250104
20250101,11110006,105,105번(상계동~서울역),105000030,06114,서울성심병원(00061),54.0,56.0,20250104
20250101,11110006,105,105번(상계동~서울역),105000486,06027,신설동역(00056),70.0,58.0,20250104
20250101,11110006,105,105번(상계동~서울역),105000010,06010,중랑교(00064),60.0,49.0,20250104
20250101,11110006,105,105번(상계동~서울역),105000484,06025,용두동사거리(00057),37.0,49.0,20250104
20250101,11110006,105,105번(상계동~서울역),105000478,06021,청량리미주아파트.동대문세무서(00027),55.0,56.0,20250104
20250101,11110006,105,105번(상계동~서울역),105000488,06426,청량리수산시장(00059),118.0,78.0,20250104
20250101,11110006,105,105번(상계동~서울역),110000694,11504,7단지영업소(00086),0.0,33.0,20250104
20250101,11110006,105,105번(상계동~서울역),100000398,01023,동대문역.흥인지문(00054),108.0,143.0,20250104
20250101,11110006,105,105번(상계동~서울역),101000335,02234,퇴계로2가.명동역7번출구(00042),108.0,440.0,20250104
20250101,11110006,105,105번(상계동~서울역),101000055,02154,충무로역8번출구.대한극장앞(00040),23.0,104.0,20250104
20250101,11110006,105,105번(상계동~서울역),101000052,02151,퇴계로3가.한옥마을.한국의집(00041),23.0,104.0,20250104
20250101,11110006,105,105번(상계동~서울역),101000046,02145,남대문시장.회현역(00043),42.0,176.0,20250104
20250101,11110006,105,105번(상계동~서울역),101000075,02174,동대문역사문화공원(00053),234.0,74.0,20250104
20250101,11110006,105,105번(상계동~서울역),101000064,02163,을지로4가.베스트웨스턴국도(00050),64.0,35.0,20250104
20250101,11110006,105,105번(상계동~서울역),101000071,02170,광희동(00037),89.0,52.0,20250104
20250101,11110006,105,105번(상계동~서울역),101000074,02173,동대문역사문화공원(00036),206.0,203.0,20250104
20250101,11110009,110A,"110번(A,고려대방향,정릉~정릉)",107000031,08121,정릉길음시장(00009),88.0,85.0,20250104
20250101,11110009,110A,"110번(A,고려대방향,정릉~정릉)",103000033,04132,무학여고(00025),158.0,74.0,20250104
20250101,11110009,110A,"110번(A,고려대방향,정릉~정릉)",112000087,13170,유원하나아파트(00068),13.0,52.0,20250104
20250101,11110009,110A,"110번(A,고려대방향,정릉~정릉)",113000058,14149,공덕오거리(00047),122.0,180.0,20250104
20250101,11110009,110A,"110번(A,고려대방향,정릉~정릉)",112000089,13172,홍지문.옥천암(00069),15.0,20.0,20250104
20250101,11110009,110A,"110번(A,고려대방향,정릉~정릉)",100000068,01163,서울예술고등학교.평창동주민센터(00073),23.0,37.0,20250104
20250101,11110009,110A,"110번(A,고려대방향,정릉~정릉)",100000067,01162,예능교회(00074),22.0,31.0,20250104
20250101,11110009,110A,"110번(A,고려대방향,정릉~정릉)",102000092,03186,녹사평역(00041),64.0,77.0,20250104
20250101,11110009,110A,"110번(A,고려대방향,정릉~정릉)",102000094,03188,용산구청.이태원시장(00040),204.0,124.0,20250104
20250101,11110009,110A,"110번(A,고려대방향,정릉~정릉)",102000096,03190,이태원역1번출구.해밀턴호텔(00039),376.0,169.0,20250104
20250101,11110009,110A,"110번(A,고려대방향,정릉~정릉)",107000017,08107,국민대앞(00078),44.0,40.0,20250104
20250101,11110009,110A,"110번(A,고려대방향,정릉~정릉)",102000098,03192,이태원119안전센터(00038),150.0,116.0,20250104
20250101,11110009,110A,"110번(A,고려대방향,정릉~정릉)",107000249,08347,정릉북한산국립공원입구(00088),1.0,135.0,20250104
20250101,11110009,110A,"110번(A,고려대방향,정릉~정릉)",107000021,08111,청덕초등학교(00079),41.0,45.0,20250104
20250101,11110009,110A,"110번(A,고려대방향,정릉~정릉)",102000100,03194,한남동주민센터(00037),322.0,181.0,20250104
20250101,11110009,110A,"110번(A,고려대방향,정릉~정릉)",102000102,03196,한강진역.블루스퀘어(00036),96.0,227.0,20250104
20250101,11110009,110A,"110번(A,고려대방향,정릉~정릉)",107000071,08161,정릉산장아파트(00002),175.0,0.0,20250104
20250101,11110009,110A,"110번(A,고려대방향,정릉~정릉)",107000073,08163,정릉4동주민센터.경국사(00003),35.0,33.0,20250104
20250101,11110009,110A,"110번(A,고려대방향,정릉~정릉)",107000074,08164,정릉4동주민센터.경국사(00086),14.0,22.0,20250104
20250101,11110009,110A,"110번(A,고려대방향,정릉~정릉)",107000075,08165,성북청수도서관.정릉4동성당(00005),68.0,20.0,20250104
20250101,11110009,110A,"110번(A,고려대방향,정릉~정릉)",107000076,08166,성북청수도서관.정릉4동성당(00084),29.0,59.0,20250104
20250101,11110009,110A,"110번(A,고려대방향,정릉~정릉)",103000071,04170,옥정중학교입구(00032),185.0,44.0,20250104
20250101,11110009,110A,"110번(A,고려대방향,정릉~정릉)",107000079,08169,정릉우체국앞(00007),89.0,35.0,20250104
20250101,11110009,110A,"110번(A,고려대방향,정릉~정릉)",112000176,13259,현대백화점(00054),140.0,190.0,20250104
20250101,11110009,110A,"110번(A,고려대방향,정릉~정릉)",112000077,13160,정원여중(00063),21.0,59.0,20250104
20250101,11110009,110A,"110번(A,고려대방향,정릉~정릉)",112000069,13152,한성화교중고교.서대문소방서(00059),27.0,148.0,20250104
20250101,11110009,110A,"110번(A,고려대방향,정릉~정릉)",112000079,13162,홍은현대아파트.스위스그랜드호텔(00064),35.0,60.0,20250104
20250101,11110009,110A,"110번(A,고려대방향,정릉~정릉)",112000081,13164,유진상가(00065),84.0,139.0,20250104
20250101,11110009,110A,"110번(A,고려대방향,정릉~정릉)",112000083,13166,문화촌현대아파트(00066),32.0,115.0,20250104
20250101,11110009,110A,"110번(A,고려대방향,정릉~정릉)",107000035,08125,돈암1동주민센터(00011),26.0,14.0,20250104
20250101,11110009,110A,"110번(A,고려대방향,정릉~정릉)",105000083,06169,경동시장(00019),104.0,89.0,20250104
20250101,11110009,110A,"110번(A,고려대방향,정릉~정릉)",100000048,01143,세검정.상명대(00070),12.0,55.0,20250104
20250101,11110009,110A,"110번(A,고려대방향,정릉~정릉)",107000070,08160,정릉북한산국립공원입구(00001),203.0,1.0,20250104
20250101,11110009,110A,"110번(A,고려대방향,정릉~정릉)",102000087,03181,용산꿈나무종합타운.보건분소(00043),126.0,272.0,20250104
20250101,11110009,110A,"110번(A,고려대방향,정릉~정릉)",112000061,13144,동교동삼거리연희동방면(00055),427.0,224.0,20250104
20250101,11110009,110A,"110번(A,고려대방향,정릉~정릉)",100000069,01164,화정박물관(00072),9.0,37.0,20250104
20250101,11110009,110A,"110번(A,고려대방향,정릉~정릉)",107000023,08113,북악중학교(00080),10.0,24.0,20250104
20250101,11110009,110A,"110번(A,고려대방향,정릉~정릉)",107000025,08115,봉국사(00081),3.0,11.0,20250104
20250101,11110009,110A,"110번(A,고려대방향,정릉~정릉)",103000021,04120,마장축산물시장(00022),56.0,60.0,20250104
20250101,11110009,110A,"110번(A,고려대방향,정릉~정릉)",103000023,04122,도선사거리(00023),24.0,65.0,20250104
20250101,11110009,110A,"110번(A,고려대방향,정릉~정릉)",107000033,08123,돈암동삼성아파트입구(00010),124.0,76.0,20250104
20250101,11110009,110A,"110번(A,고려대방향,정릉~정릉)",102000090,03184,전쟁기념관(00042),63.0,211.0,20250104
20250101,11110009,110A,"110번(A,고려대방향,정릉~정릉)",105000080,06166,동대문구청.용신동주민센터(00021),116.0,69.0,20250104
20250101,11110009,110A,"110번(A,고려대방향,정릉~정릉)",103000040,04139,응봉동주민센터(00026),46.0,84.0,20250104
20250101,11110009,110A,"110번(A,고려대방향,정릉~정릉)",103000043,04142,응봉동현대아파트(00027),127.0,196.0,20250104
20250101,11110009,110A,"110번(A,고려대방향,정릉~정릉)",103000061,04160,삼성래미안아파트앞(00028),61.0,71.0,20250104
20250101,11110009,110A,"110번(A,고려대방향,정릉~정릉)",102000116,03210,한남시범아파트(00033),42.0,43.0,20250104
20250101,11110009,110A,"110번(A,고려대방향,정릉~정릉)",102000118,03212,한남동(00034),189.0,185.0,20250104
20250101,11110009,110A,"110번(A,고려대방향,정릉~정릉)",107000060,08150,종암사거리입구(00013),75.0,106.0,20250104
20250101,11110009,110A,"110번(A,고려대방향,정릉~정릉)",107000062,08152,종암동주민센터(00014),67.0,51.0,20250104
20250101,11110009,110A,"110번(A,고려대방향,정릉~정릉)",107000064,08154,숭례초교(00015),55.0,42.0,20250104
20250101,11110009,110A,"110번(A,고려대방향,정릉~정릉)",105000088,06174,고려대역.고대앞삼거리(00016),45.0,62.0,20250104
20250101,11110009,110A,"110번(A,고려대방향,정릉~정릉)",102000085,03179,효창공원앞역.이봉창역사울림관(00044),110.0,84.0,20250104
20250101,11110009,110A,"110번(A,고려대방향,정릉~정릉)",113000060,14151,용마루고개.신공덕삼성아파트(00046),32.0,55.0,20250104
20250101,11110009,110A,"110번(A,고려대방향,정릉~정릉)",112000065,13148,연희교차로(00057),113.0,175.0,20250104
20250101,11110009,110A,"110번(A,고려대방향,정릉~정릉)",112000067,13150,연희3거리(00058),55.0,67.0,20250104
20250101,11110009,110A,"110번(A,고려대방향,정릉~정릉)",112000071,13154,서대문자연사박물관입구(00060),25.0,136.0,20250104
20250101,11110009,110A,"110번(A,고려대방향,정릉~정릉)",112000073,13156,서대문구청.보건소.구의회(00061),38.0,96.0,20250104
20250101,11110009,110A,"110번(A,고려대방향,정릉~정릉)",112000085,13168,서울여자간호대학교.홍은초등학교(00067),42.0,118.0,20250104
20250101,11110009,110A,"110번(A,고려대방향,정릉~정릉)",100000066,01161,벽산평창힐스아파트(00075),7.0,21.0,20250104
20250101,11110009,110A,"110번(A,고려대방향,정릉~정릉)",100000065,01160,롯데아파트(00076),9.0,15.0,20250104
20250101,11110009,110A,"110번(A,고려대방향,정릉~정릉)",107000072,08162,정릉대우아파트(00087),4.0,111.0,20250104
20250101,11110009,110A,"110번(A,고려대방향,정릉~정릉)",107000037,08127,종암사거리(00012),17.0,63.0,20250104
20250101,11110009,110A,"110번(A,고려대방향,정릉~정릉)",105000082,06168,제기동주민센터.서울약령시앞(00018),52.0,53.0,20250104
20250101,11110009,110A,"110번(A,고려대방향,정릉~정릉)",107000029,08119,숭덕초교(00008),88.0,45.0,20250104
20250101,11110009,110A,"110번(A,고려대방향,정릉~정릉)",107000080,08170,정릉우체국앞(00082),36.0,94.0,20250104
20250101,11110009,110A,"110번(A,고려대방향,정릉~정릉)",107000078,08168,정릉시장입구(00083),81.0,56.0,20250104
20250101,11110009,110A,"110번(A,고려대방향,정릉~정릉)",107000077,08167,정릉시장입구(00006),143.0,58.0,20250104
20250101,11110009,110A,"110번(A,고려대방향,정릉~정릉)",112000064,13147,연희동대우아파트(00056),205.0,165.0,20250104
20250101,11110009,110A,"110번(A,고려대방향,정릉~정릉)",102000083,03177,용마루고개.서울자동차고등학교(00045),91.0,49.0,20250104
20250101,11110009,110A,"110번(A,고려대방향,정릉~정릉)",103000014,04112,성동구청(00024),93.0,102.0,20250104
20250101,11110009,110A,"110번(A,고려대방향,정릉~정릉)",112000076,13159,서대문보건소별관.홍제폭포(00062),66.0,151.0,20250104
20250101,11110009,110A,"110번(A,고려대방향,정릉~정릉)",100000355,01293,평창동삼성아파트(00077),6.0,17.0,20250104
20250101,11110009,110A,"110번(A,고려대방향,정릉~정릉)",105000085,06171,홍파초등학교(00017),45.0,30.0,20250104
20250101,11110009,110A,"110번(A,고려대방향,정릉~정릉)",107000518,08408,북한산보국문역2번출구(00004),69.0,61.0,20250104
20250101,11110009,110A,"110번(A,고려대방향,정릉~정릉)",107000519,08409,북한산보국문역1번출구(00085),85.0,61.0,20250104
